{"cameraMode":{"drawMode":0,"name":"Shaded","section":"Shading Mode"},"sceneLighting":false,"audioPlay":false,"sceneViewState":{"m_AlwaysRefresh":false,"showFog":true,"showSkybox":false,"showFlares":true,"showImageEffects":true,"showParticleSystems":true,"showVisualEffectGraphs":true,"m_FxEnabled":true},"in2DMode":false,"pivot":{"x":2.4419686794281008,"y":-0.5768715739250183,"z":-0.5559856295585632},"rotation":{"x":-0.19150035083293916,"y":-0.7108128666877747,"z":0.21173347532749177,"w":-0.6429070234298706},"size":3.6634998321533205,"orthographic":false}