{"cameraMode":{"drawMode":0,"name":"Shaded","section":"Shading Mode"},"sceneLighting":false,"audioPlay":false,"sceneViewState":{"m_AlwaysRefresh":false,"showFog":true,"showSkybox":false,"showFlares":true,"showImageEffects":true,"showParticleSystems":true,"showVisualEffectGraphs":true,"m_FxEnabled":true},"in2DMode":false,"pivot":{"x":2.5088939666748049,"y":2.263660192489624,"z":1.2682123184204102},"rotation":{"x":-0.059899866580963138,"y":-0.8851096034049988,"z":0.11887238919734955,"w":-0.44602179527282717},"size":3.536499500274658,"orthographic":false}