{"cameraMode":{"drawMode":0,"name":"Shaded","section":"Shading Mode"},"sceneLighting":true,"audioPlay":false,"sceneViewState":{"m_AlwaysRefresh":true,"showFog":true,"showSkybox":true,"showFlares":true,"showImageEffects":true,"showParticleSystems":true,"showVisualEffectGraphs":true,"m_FxEnabled":true},"in2DMode":false,"pivot":{"x":0.5393804907798767,"y":13.598187446594239,"z":-4.223384857177734},"rotation":{"x":-0.0005043293349444866,"y":0.999553382396698,"z":-0.0045309243723750118,"w":0.03755754232406616},"size":3.096151828765869,"orthographic":false}