{"cameraMode":{"drawMode":0,"name":"Shaded","section":"Shading Mode"},"sceneLighting":true,"audioPlay":false,"sceneViewState":{"m_AlwaysRefresh":false,"showFog":true,"showSkybox":true,"showFlares":true,"showImageEffects":true,"showParticleSystems":true,"showVisualEffectGraphs":true,"m_FxEnabled":true},"in2DMode":false,"pivot":{"x":-104.46501922607422,"y":-15.032293319702149,"z":-16.698028564453126},"rotation":{"x":0.04880678653717041,"y":-0.7676870822906494,"z":0.05882122740149498,"w":0.6363558173179627},"size":62.45170974731445,"orthographic":false}